{
	"credit": "Made with Blockbench",
	"texture_size": [128, 128],
	"textures": {
		"0": "gachamachine:block/pokeball_gacha_machine",
		"particle": "gachamachine:block/pokeball_gacha_machine"
	},
	"elements": [
		{
			"from": [1, 16, 1],
			"to": [15, 17, 15],
			"rotation": {"angle": 0, "axis": "y", "origin": [14, 2, 0]},
			"faces": {
				"north": {"uv": [4, 7.5, 5.75, 7.625], "texture": "#0"},
				"east": {"uv": [2.25, 7.5, 4, 7.625], "texture": "#0"},
				"south": {"uv": [7.5, 7.5, 9.25, 7.625], "texture": "#0"},
				"west": {"uv": [5.75, 7.5, 7.5, 7.625], "texture": "#0"},
				"up": {"uv": [5.75, 7.5, 4, 5.75], "texture": "#0"},
				"down": {"uv": [7.5, 5.75, 5.75, 7.5], "texture": "#0"}
			}
		},
		{
			"name": "skypatch",
			"from": [-0.5, 27, 1],
			"to": [15.5, 27, 15],
			"rotation": {"angle": 0, "axis": "y", "origin": [12.5, 27, 3]},
			"faces": {
				"north": {"uv": [12, 8.75, 14, 8.75], "texture": "#0"},
				"east": {"uv": [10.25, 8.75, 12, 8.75], "texture": "#0"},
				"south": {"uv": [15.75, 8.75, 17.75, 8.75], "texture": "#0"},
				"west": {"uv": [14, 8.75, 15.75, 8.75], "texture": "#0"},
				"up": {"uv": [14, 8.75, 12, 7], "texture": "#0"},
				"down": {"uv": [16, 7, 14, 8.75], "texture": "#0"}
			}
		},
		{
			"name": "upper half",
			"from": [2, 19.1, 10.75],
			"to": [5, 21.1, 13.75],
			"rotation": {"angle": 22.5, "axis": "y", "origin": [3.5, 19.35, 12.25]},
			"faces": {
				"north": {"uv": [0.375, 11.375, 0.75, 11.625], "texture": "#0"},
				"east": {"uv": [0, 11.375, 0.375, 11.625], "texture": "#0"},
				"south": {"uv": [1.125, 11.375, 1.5, 11.625], "texture": "#0"},
				"west": {"uv": [0.75, 11.375, 1.125, 11.625], "texture": "#0"},
				"up": {"uv": [0.75, 11.375, 0.375, 11], "texture": "#0"},
				"down": {"uv": [1.125, 11, 0.75, 11.375], "texture": "#0"}
			}
		},
		{
			"name": "bottom half",
			"from": [2, 18.1, 10.75],
			"to": [5, 19.1, 13.75],
			"rotation": {"angle": 22.5, "axis": "y", "origin": [3.5, 19.35, 12.25]},
			"faces": {
				"north": {"uv": [0.375, 12.25, 0.75, 12.375], "texture": "#0"},
				"east": {"uv": [0, 12.25, 0.375, 12.375], "texture": "#0"},
				"south": {"uv": [1.125, 12.25, 1.5, 12.375], "texture": "#0"},
				"west": {"uv": [0.75, 12.25, 1.125, 12.375], "texture": "#0"},
				"up": {"uv": [0.75, 12.25, 0.375, 11.875], "texture": "#0"},
				"down": {"uv": [1.125, 11.875, 0.75, 12.25], "texture": "#0"}
			}
		},
		{
			"name": "upper half",
			"from": [11, 19.1, 8],
			"to": [14, 21.1, 11],
			"rotation": {"angle": -22.5, "axis": "y", "origin": [12.5, 19.35, 9.5]},
			"faces": {
				"north": {"uv": [0.375, 11.375, 0.75, 11.625], "texture": "#0"},
				"east": {"uv": [0, 11.375, 0.375, 11.625], "texture": "#0"},
				"south": {"uv": [1.125, 11.375, 1.5, 11.625], "texture": "#0"},
				"west": {"uv": [0.75, 11.375, 1.125, 11.625], "texture": "#0"},
				"up": {"uv": [0.75, 11.375, 0.375, 11], "texture": "#0"},
				"down": {"uv": [1.125, 11, 0.75, 11.375], "texture": "#0"}
			}
		},
		{
			"name": "bottom half",
			"from": [11, 18.1, 8],
			"to": [14, 19.1, 11],
			"rotation": {"angle": -22.5, "axis": "y", "origin": [12.5, 19.35, 9.5]},
			"faces": {
				"north": {"uv": [0.375, 12.25, 0.75, 12.375], "texture": "#0"},
				"east": {"uv": [0, 12.25, 0.375, 12.375], "texture": "#0"},
				"south": {"uv": [1.125, 12.25, 1.5, 12.375], "texture": "#0"},
				"west": {"uv": [0.75, 12.25, 1.125, 12.375], "texture": "#0"},
				"up": {"uv": [0.75, 12.25, 0.375, 11.875], "texture": "#0"},
				"down": {"uv": [1.125, 11.875, 0.75, 12.25], "texture": "#0"}
			}
		},
		{
			"name": "upper half",
			"from": [6.5, 19.1, 5],
			"to": [9.5, 21.1, 8],
			"rotation": {"angle": 0, "axis": "y", "origin": [8, 19.35, 6.5]},
			"faces": {
				"north": {"uv": [0.375, 11.375, 0.75, 11.625], "texture": "#0"},
				"east": {"uv": [0, 11.375, 0.375, 11.625], "texture": "#0"},
				"south": {"uv": [1.125, 11.375, 1.5, 11.625], "texture": "#0"},
				"west": {"uv": [0.75, 11.375, 1.125, 11.625], "texture": "#0"},
				"up": {"uv": [0.75, 11.375, 0.375, 11], "texture": "#0"},
				"down": {"uv": [1.125, 11, 0.75, 11.375], "texture": "#0"}
			}
		},
		{
			"name": "bottom half",
			"from": [6.5, 18.1, 5],
			"to": [9.5, 19.1, 8],
			"rotation": {"angle": 0, "axis": "y", "origin": [8, 19.35, 6.5]},
			"faces": {
				"north": {"uv": [0.375, 12.25, 0.75, 12.375], "texture": "#0"},
				"east": {"uv": [0, 12.25, 0.375, 12.375], "texture": "#0"},
				"south": {"uv": [1.125, 12.25, 1.5, 12.375], "texture": "#0"},
				"west": {"uv": [0.75, 12.25, 1.125, 12.375], "texture": "#0"},
				"up": {"uv": [0.75, 12.25, 0.375, 11.875], "texture": "#0"},
				"down": {"uv": [1.125, 11.875, 0.75, 12.25], "texture": "#0"}
			}
		},
		{
			"name": "upper half",
			"from": [11.25, 22.1, 3.75],
			"to": [14.25, 24.1, 6.75],
			"rotation": {"angle": -22.5, "axis": "y", "origin": [12.75, 22.35, 5.25]},
			"faces": {
				"north": {"uv": [0.375, 11.375, 0.75, 11.625], "texture": "#0"},
				"east": {"uv": [0, 11.375, 0.375, 11.625], "texture": "#0"},
				"south": {"uv": [1.125, 11.375, 1.5, 11.625], "texture": "#0"},
				"west": {"uv": [0.75, 11.375, 1.125, 11.625], "texture": "#0"},
				"up": {"uv": [0.75, 11.375, 0.375, 11], "texture": "#0"},
				"down": {"uv": [1.125, 11, 0.75, 11.375], "texture": "#0"}
			}
		},
		{
			"name": "bottom half",
			"from": [11.25, 21.1, 3.75],
			"to": [14.25, 22.1, 6.75],
			"rotation": {"angle": -22.5, "axis": "y", "origin": [12.75, 22.35, 5.25]},
			"faces": {
				"north": {"uv": [0.375, 12.25, 0.75, 12.375], "texture": "#0"},
				"east": {"uv": [0, 12.25, 0.375, 12.375], "texture": "#0"},
				"south": {"uv": [1.125, 12.25, 1.5, 12.375], "texture": "#0"},
				"west": {"uv": [0.75, 12.25, 1.125, 12.375], "texture": "#0"},
				"up": {"uv": [0.75, 12.25, 0.375, 11.875], "texture": "#0"},
				"down": {"uv": [1.125, 11.875, 0.75, 12.25], "texture": "#0"}
			}
		},
		{
			"name": "upper half",
			"from": [6.25, 22.1, 2.25],
			"to": [9.25, 24.1, 5.25],
			"rotation": {"angle": 0, "axis": "y", "origin": [7.75, 22.35, 3.75]},
			"faces": {
				"north": {"uv": [0.375, 11.375, 0.75, 11.625], "texture": "#0"},
				"east": {"uv": [0, 11.375, 0.375, 11.625], "texture": "#0"},
				"south": {"uv": [1.125, 11.375, 1.5, 11.625], "texture": "#0"},
				"west": {"uv": [0.75, 11.375, 1.125, 11.625], "texture": "#0"},
				"up": {"uv": [0.75, 11.375, 0.375, 11], "texture": "#0"},
				"down": {"uv": [1.125, 11, 0.75, 11.375], "texture": "#0"}
			}
		},
		{
			"name": "bottom half",
			"from": [6.25, 21.1, 2.25],
			"to": [9.25, 22.1, 5.25],
			"rotation": {"angle": 0, "axis": "y", "origin": [7.75, 22.35, 3.75]},
			"faces": {
				"north": {"uv": [0.375, 12.25, 0.75, 12.375], "texture": "#0"},
				"east": {"uv": [0, 12.25, 0.375, 12.375], "texture": "#0"},
				"south": {"uv": [1.125, 12.25, 1.5, 12.375], "texture": "#0"},
				"west": {"uv": [0.75, 12.25, 1.125, 12.375], "texture": "#0"},
				"up": {"uv": [0.75, 12.25, 0.375, 11.875], "texture": "#0"},
				"down": {"uv": [1.125, 11.875, 0.75, 12.25], "texture": "#0"}
			}
		},
		{
			"name": "upper half",
			"from": [8.25, 19.1, 1.25],
			"to": [11.25, 21.1, 4.25],
			"rotation": {"angle": 0, "axis": "y", "origin": [9.75, 19.35, 2.75]},
			"faces": {
				"north": {"uv": [0.375, 11.375, 0.75, 11.625], "texture": "#0"},
				"east": {"uv": [0, 11.375, 0.375, 11.625], "texture": "#0"},
				"south": {"uv": [1.125, 11.375, 1.5, 11.625], "texture": "#0"},
				"west": {"uv": [0.75, 11.375, 1.125, 11.625], "texture": "#0"},
				"up": {"uv": [0.75, 11.375, 0.375, 11], "texture": "#0"},
				"down": {"uv": [1.125, 11, 0.75, 11.375], "texture": "#0"}
			}
		},
		{
			"name": "bottom half",
			"from": [8.25, 18.1, 1.25],
			"to": [11.25, 19.1, 4.25],
			"rotation": {"angle": 0, "axis": "y", "origin": [9.75, 19.35, 2.75]},
			"faces": {
				"north": {"uv": [0.375, 12.25, 0.75, 12.375], "texture": "#0"},
				"east": {"uv": [0, 12.25, 0.375, 12.375], "texture": "#0"},
				"south": {"uv": [1.125, 12.25, 1.5, 12.375], "texture": "#0"},
				"west": {"uv": [0.75, 12.25, 1.125, 12.375], "texture": "#0"},
				"up": {"uv": [0.75, 12.25, 0.375, 11.875], "texture": "#0"},
				"down": {"uv": [1.125, 11.875, 0.75, 12.25], "texture": "#0"}
			}
		},
		{
			"name": "upper half",
			"from": [4, 19.1, 1],
			"to": [7, 21.1, 4],
			"rotation": {"angle": 22.5, "axis": "y", "origin": [5.5, 19.35, 2.5]},
			"faces": {
				"north": {"uv": [0.375, 11.375, 0.75, 11.625], "texture": "#0"},
				"east": {"uv": [0, 11.375, 0.375, 11.625], "texture": "#0"},
				"south": {"uv": [1.125, 11.375, 1.5, 11.625], "texture": "#0"},
				"west": {"uv": [0.75, 11.375, 1.125, 11.625], "texture": "#0"},
				"up": {"uv": [0.75, 11.375, 0.375, 11], "texture": "#0"},
				"down": {"uv": [1.125, 11, 0.75, 11.375], "texture": "#0"}
			}
		},
		{
			"name": "bottom half",
			"from": [4, 18.1, 1],
			"to": [7, 19.1, 4],
			"rotation": {"angle": 22.5, "axis": "y", "origin": [5.5, 19.35, 2.5]},
			"faces": {
				"north": {"uv": [0.375, 12.25, 0.75, 12.375], "texture": "#0"},
				"east": {"uv": [0, 12.25, 0.375, 12.375], "texture": "#0"},
				"south": {"uv": [1.125, 12.25, 1.5, 12.375], "texture": "#0"},
				"west": {"uv": [0.75, 12.25, 1.125, 12.375], "texture": "#0"},
				"up": {"uv": [0.75, 12.25, 0.375, 11.875], "texture": "#0"},
				"down": {"uv": [1.125, 11.875, 0.75, 12.25], "texture": "#0"}
			}
		},
		{
			"name": "upper half",
			"from": [10, 22.1, 12],
			"to": [13, 24.1, 15],
			"rotation": {"angle": 0, "axis": "y", "origin": [11.5, 22.35, 13.5]},
			"faces": {
				"north": {"uv": [0.375, 11.375, 0.75, 11.625], "texture": "#0"},
				"east": {"uv": [0, 11.375, 0.375, 11.625], "texture": "#0"},
				"south": {"uv": [1.125, 11.375, 1.5, 11.625], "texture": "#0"},
				"west": {"uv": [0.75, 11.375, 1.125, 11.625], "texture": "#0"},
				"up": {"uv": [0.75, 11.375, 0.375, 11], "texture": "#0"},
				"down": {"uv": [1.125, 11, 0.75, 11.375], "texture": "#0"}
			}
		},
		{
			"name": "bottom half",
			"from": [10, 21.1, 12],
			"to": [13, 22.1, 15],
			"rotation": {"angle": 0, "axis": "y", "origin": [11.5, 22.35, 13.5]},
			"faces": {
				"north": {"uv": [0.375, 12.25, 0.75, 12.375], "texture": "#0"},
				"east": {"uv": [0, 12.25, 0.375, 12.375], "texture": "#0"},
				"south": {"uv": [1.125, 12.25, 1.5, 12.375], "texture": "#0"},
				"west": {"uv": [0.75, 12.25, 1.125, 12.375], "texture": "#0"},
				"up": {"uv": [0.75, 12.25, 0.375, 11.875], "texture": "#0"},
				"down": {"uv": [1.125, 11.875, 0.75, 12.25], "texture": "#0"}
			}
		},
		{
			"name": "upper half",
			"from": [6, 22.1, 6.25],
			"to": [9, 24.1, 9.25],
			"rotation": {"angle": 0, "axis": "y", "origin": [7.5, 22.35, 7.75]},
			"faces": {
				"north": {"uv": [0.375, 11.375, 0.75, 11.625], "texture": "#0"},
				"east": {"uv": [0, 11.375, 0.375, 11.625], "texture": "#0"},
				"south": {"uv": [1.125, 11.375, 1.5, 11.625], "texture": "#0"},
				"west": {"uv": [0.75, 11.375, 1.125, 11.625], "texture": "#0"},
				"up": {"uv": [0.75, 11.375, 0.375, 11], "texture": "#0"},
				"down": {"uv": [1.125, 11, 0.75, 11.375], "texture": "#0"}
			}
		},
		{
			"name": "bottom half",
			"from": [6, 21.1, 6.25],
			"to": [9, 22.1, 9.25],
			"rotation": {"angle": 0, "axis": "y", "origin": [7.5, 22.35, 7.75]},
			"faces": {
				"north": {"uv": [0.375, 12.25, 0.75, 12.375], "texture": "#0"},
				"east": {"uv": [0, 12.25, 0.375, 12.375], "texture": "#0"},
				"south": {"uv": [1.125, 12.25, 1.5, 12.375], "texture": "#0"},
				"west": {"uv": [0.75, 12.25, 1.125, 12.375], "texture": "#0"},
				"up": {"uv": [0.75, 12.25, 0.375, 11.875], "texture": "#0"},
				"down": {"uv": [1.125, 11.875, 0.75, 12.25], "texture": "#0"}
			}
		},
		{
			"name": "upper half",
			"from": [11.75, 19.1, 4],
			"to": [14.75, 21.1, 7],
			"rotation": {"angle": 22.5, "axis": "y", "origin": [13.25, 19.35, 5.5]},
			"faces": {
				"north": {"uv": [0.375, 11.375, 0.75, 11.625], "texture": "#0"},
				"east": {"uv": [0, 11.375, 0.375, 11.625], "texture": "#0"},
				"south": {"uv": [1.125, 11.375, 1.5, 11.625], "texture": "#0"},
				"west": {"uv": [0.75, 11.375, 1.125, 11.625], "texture": "#0"},
				"up": {"uv": [0.75, 11.375, 0.375, 11], "texture": "#0"},
				"down": {"uv": [1.125, 11, 0.75, 11.375], "texture": "#0"}
			}
		},
		{
			"name": "bottom half",
			"from": [11.75, 18.1, 4],
			"to": [14.75, 19.1, 7],
			"rotation": {"angle": 22.5, "axis": "y", "origin": [13.25, 19.35, 5.5]},
			"faces": {
				"north": {"uv": [0.375, 12.25, 0.75, 12.375], "texture": "#0"},
				"east": {"uv": [0, 12.25, 0.375, 12.375], "texture": "#0"},
				"south": {"uv": [1.125, 12.25, 1.5, 12.375], "texture": "#0"},
				"west": {"uv": [0.75, 12.25, 1.125, 12.375], "texture": "#0"},
				"up": {"uv": [0.75, 12.25, 0.375, 11.875], "texture": "#0"},
				"down": {"uv": [1.125, 11.875, 0.75, 12.25], "texture": "#0"}
			}
		},
		{
			"name": "upper half",
			"from": [1.75, 22.1, 4],
			"to": [4.75, 24.1, 7],
			"rotation": {"angle": 22.5, "axis": "y", "origin": [3.25, 22.35, 5.5]},
			"faces": {
				"north": {"uv": [0.375, 11.375, 0.75, 11.625], "texture": "#0"},
				"east": {"uv": [0, 11.375, 0.375, 11.625], "texture": "#0"},
				"south": {"uv": [1.125, 11.375, 1.5, 11.625], "texture": "#0"},
				"west": {"uv": [0.75, 11.375, 1.125, 11.625], "texture": "#0"},
				"up": {"uv": [0.75, 11.375, 0.375, 11], "texture": "#0"},
				"down": {"uv": [1.125, 11, 0.75, 11.375], "texture": "#0"}
			}
		},
		{
			"name": "bottom half",
			"from": [1.75, 21.1, 4],
			"to": [4.75, 22.1, 7],
			"rotation": {"angle": 22.5, "axis": "y", "origin": [3.25, 22.35, 5.5]},
			"faces": {
				"north": {"uv": [0.375, 12.25, 0.75, 12.375], "texture": "#0"},
				"east": {"uv": [0, 12.25, 0.375, 12.375], "texture": "#0"},
				"south": {"uv": [1.125, 12.25, 1.5, 12.375], "texture": "#0"},
				"west": {"uv": [0.75, 12.25, 1.125, 12.375], "texture": "#0"},
				"up": {"uv": [0.75, 12.25, 0.375, 11.875], "texture": "#0"},
				"down": {"uv": [1.125, 11.875, 0.75, 12.25], "texture": "#0"}
			}
		},
		{
			"name": "upper half",
			"from": [6, 19.1, 9.25],
			"to": [9, 21.1, 12.25],
			"rotation": {"angle": 22.5, "axis": "y", "origin": [7.5, 19.35, 10.75]},
			"faces": {
				"north": {"uv": [0.375, 11.375, 0.75, 11.625], "texture": "#0"},
				"east": {"uv": [0, 11.375, 0.375, 11.625], "texture": "#0"},
				"south": {"uv": [1.125, 11.375, 1.5, 11.625], "texture": "#0"},
				"west": {"uv": [0.75, 11.375, 1.125, 11.625], "texture": "#0"},
				"up": {"uv": [0.75, 11.375, 0.375, 11], "texture": "#0"},
				"down": {"uv": [1.125, 11, 0.75, 11.375], "texture": "#0"}
			}
		},
		{
			"name": "bottom half",
			"from": [6, 18.1, 9.25],
			"to": [9, 19.1, 12.25],
			"rotation": {"angle": 22.5, "axis": "y", "origin": [7.5, 19.35, 10.75]},
			"faces": {
				"north": {"uv": [0.375, 12.25, 0.75, 12.375], "texture": "#0"},
				"east": {"uv": [0, 12.25, 0.375, 12.375], "texture": "#0"},
				"south": {"uv": [1.125, 12.25, 1.5, 12.375], "texture": "#0"},
				"west": {"uv": [0.75, 12.25, 1.125, 12.375], "texture": "#0"},
				"up": {"uv": [0.75, 12.25, 0.375, 11.875], "texture": "#0"},
				"down": {"uv": [1.125, 11.875, 0.75, 12.25], "texture": "#0"}
			}
		},
		{
			"name": "upper half",
			"from": [8.85, 19.1, 11.3],
			"to": [11.85, 21.1, 14.3],
			"rotation": {"angle": 22.5, "axis": "y", "origin": [10.35, 19.35, 12.8]},
			"faces": {
				"north": {"uv": [0.375, 11.375, 0.75, 11.625], "texture": "#0"},
				"east": {"uv": [0, 11.375, 0.375, 11.625], "texture": "#0"},
				"south": {"uv": [1.125, 11.375, 1.5, 11.625], "texture": "#0"},
				"west": {"uv": [0.75, 11.375, 1.125, 11.625], "texture": "#0"},
				"up": {"uv": [0.75, 11.375, 0.375, 11], "texture": "#0"},
				"down": {"uv": [1.125, 11, 0.75, 11.375], "texture": "#0"}
			}
		},
		{
			"name": "bottom half",
			"from": [8.85, 18.1, 11.3],
			"to": [11.85, 19.1, 14.3],
			"rotation": {"angle": 22.5, "axis": "y", "origin": [10.35, 19.35, 12.8]},
			"faces": {
				"north": {"uv": [0.375, 12.25, 0.75, 12.375], "texture": "#0"},
				"east": {"uv": [0, 12.25, 0.375, 12.375], "texture": "#0"},
				"south": {"uv": [1.125, 12.25, 1.5, 12.375], "texture": "#0"},
				"west": {"uv": [0.75, 12.25, 1.125, 12.375], "texture": "#0"},
				"up": {"uv": [0.75, 12.25, 0.375, 11.875], "texture": "#0"},
				"down": {"uv": [1.125, 11.875, 0.75, 12.25], "texture": "#0"}
			}
		},
		{
			"name": "upper half",
			"from": [3.25, 19.1, 6.75],
			"to": [6.25, 21.1, 9.75],
			"rotation": {"angle": -22.5, "axis": "y", "origin": [4.75, 19.35, 8.25]},
			"faces": {
				"north": {"uv": [0.375, 11.375, 0.75, 11.625], "texture": "#0"},
				"east": {"uv": [0, 11.375, 0.375, 11.625], "texture": "#0"},
				"south": {"uv": [1.125, 11.375, 1.5, 11.625], "texture": "#0"},
				"west": {"uv": [0.75, 11.375, 1.125, 11.625], "texture": "#0"},
				"up": {"uv": [0.75, 11.375, 0.375, 11], "texture": "#0"},
				"down": {"uv": [1.125, 11, 0.75, 11.375], "texture": "#0"}
			}
		},
		{
			"name": "bottom half",
			"from": [3.25, 18.1, 6.75],
			"to": [6.25, 19.1, 9.75],
			"rotation": {"angle": -22.5, "axis": "y", "origin": [4.75, 19.35, 8.25]},
			"faces": {
				"north": {"uv": [0.375, 12.25, 0.75, 12.375], "texture": "#0"},
				"east": {"uv": [0, 12.25, 0.375, 12.375], "texture": "#0"},
				"south": {"uv": [1.125, 12.25, 1.5, 12.375], "texture": "#0"},
				"west": {"uv": [0.75, 12.25, 1.125, 12.375], "texture": "#0"},
				"up": {"uv": [0.75, 12.25, 0.375, 11.875], "texture": "#0"},
				"down": {"uv": [1.125, 11.875, 0.75, 12.25], "texture": "#0"}
			}
		},
		{
			"name": "upper half",
			"from": [4, 22.1, 10],
			"to": [7, 24.1, 13],
			"rotation": {"angle": 22.5, "axis": "y", "origin": [5.5, 22.35, 11.5]},
			"faces": {
				"north": {"uv": [0.375, 11.375, 0.75, 11.625], "texture": "#0"},
				"east": {"uv": [0, 11.375, 0.375, 11.625], "texture": "#0"},
				"south": {"uv": [1.125, 11.375, 1.5, 11.625], "texture": "#0"},
				"west": {"uv": [0.75, 11.375, 1.125, 11.625], "texture": "#0"},
				"up": {"uv": [0.75, 11.375, 0.375, 11], "texture": "#0"},
				"down": {"uv": [1.125, 11, 0.75, 11.375], "texture": "#0"}
			}
		},
		{
			"name": "bottom half",
			"from": [4, 21.1, 10],
			"to": [7, 22.1, 13],
			"rotation": {"angle": 22.5, "axis": "y", "origin": [5.5, 22.35, 11.5]},
			"faces": {
				"north": {"uv": [0.375, 12.25, 0.75, 12.375], "texture": "#0"},
				"east": {"uv": [0, 12.25, 0.375, 12.375], "texture": "#0"},
				"south": {"uv": [1.125, 12.25, 1.5, 12.375], "texture": "#0"},
				"west": {"uv": [0.75, 12.25, 1.125, 12.375], "texture": "#0"},
				"up": {"uv": [0.75, 12.25, 0.375, 11.875], "texture": "#0"},
				"down": {"uv": [1.125, 11.875, 0.75, 12.25], "texture": "#0"}
			}
		},
		{
			"name": "upper half",
			"from": [9, 22.1, 8],
			"to": [12, 24.1, 11],
			"rotation": {"angle": 0, "axis": "y", "origin": [10.5, 22.35, 9.5]},
			"faces": {
				"north": {"uv": [0.375, 11.375, 0.75, 11.625], "texture": "#0"},
				"east": {"uv": [0, 11.375, 0.375, 11.625], "texture": "#0"},
				"south": {"uv": [1.125, 11.375, 1.5, 11.625], "texture": "#0"},
				"west": {"uv": [0.75, 11.375, 1.125, 11.625], "texture": "#0"},
				"up": {"uv": [0.75, 11.375, 0.375, 11], "texture": "#0"},
				"down": {"uv": [1.125, 11, 0.75, 11.375], "texture": "#0"}
			}
		},
		{
			"name": "bottom half",
			"from": [9, 21.1, 8],
			"to": [12, 22.1, 11],
			"rotation": {"angle": 0, "axis": "y", "origin": [10.5, 22.35, 9.5]},
			"faces": {
				"north": {"uv": [0.375, 12.25, 0.75, 12.375], "texture": "#0"},
				"east": {"uv": [0, 12.25, 0.375, 12.375], "texture": "#0"},
				"south": {"uv": [1.125, 12.25, 1.5, 12.375], "texture": "#0"},
				"west": {"uv": [0.75, 12.25, 1.125, 12.375], "texture": "#0"},
				"up": {"uv": [0.75, 12.25, 0.375, 11.875], "texture": "#0"},
				"down": {"uv": [1.125, 11.875, 0.75, 12.25], "texture": "#0"}
			}
		},
		{
			"name": "upper half",
			"from": [1, 19.1, 4],
			"to": [4, 21.1, 7],
			"rotation": {"angle": 0, "axis": "y", "origin": [2.5, 19.35, 5.5]},
			"faces": {
				"north": {"uv": [0.375, 11.375, 0.75, 11.625], "texture": "#0"},
				"east": {"uv": [0, 11.375, 0.375, 11.625], "texture": "#0"},
				"south": {"uv": [1.125, 11.375, 1.5, 11.625], "texture": "#0"},
				"west": {"uv": [0.75, 11.375, 1.125, 11.625], "texture": "#0"},
				"up": {"uv": [0.75, 11.375, 0.375, 11], "texture": "#0"},
				"down": {"uv": [1.125, 11, 0.75, 11.375], "texture": "#0"}
			}
		},
		{
			"name": "bottom half",
			"from": [1, 18.1, 4],
			"to": [4, 19.1, 7],
			"rotation": {"angle": 0, "axis": "y", "origin": [2.5, 19.35, 5.5]},
			"faces": {
				"north": {"uv": [0.375, 12.25, 0.75, 12.375], "texture": "#0"},
				"east": {"uv": [0, 12.25, 0.375, 12.375], "texture": "#0"},
				"south": {"uv": [1.125, 12.25, 1.5, 12.375], "texture": "#0"},
				"west": {"uv": [0.75, 12.25, 1.125, 12.375], "texture": "#0"},
				"up": {"uv": [0.75, 12.25, 0.375, 11.875], "texture": "#0"},
				"down": {"uv": [1.125, 11.875, 0.75, 12.25], "texture": "#0"}
			}
		},
		{
			"name": "pokeball dome red",
			"from": [0.5, 25, 0.5],
			"to": [15.5, 32, 15.5],
			"rotation": {"angle": 0, "axis": "y", "origin": [14.5, 18, 0.5]},
			"faces": {
				"north": {"uv": [1.875, 1.875, 3.75, 2.75], "texture": "#0"},
				"east": {"uv": [0, 1.875, 1.875, 2.75], "texture": "#0"},
				"south": {"uv": [5.625, 1.875, 7.5, 2.75], "texture": "#0"},
				"west": {"uv": [3.75, 1.875, 5.625, 2.75], "texture": "#0"},
				"up": {"uv": [3.75, 1.875, 1.875, 0], "texture": "#0"},
				"down": {"uv": [5.625, 0, 3.75, 1.875], "texture": "#0"}
			}
		},
		{
			"name": "pokeball dome white",
			"from": [0.5, 18, 0.5],
			"to": [15.5, 25, 15.5],
			"rotation": {"angle": 0, "axis": "y", "origin": [14.5, 10, 0.5]},
			"faces": {
				"north": {"uv": [9.75, 1.875, 11.625, 2.75], "texture": "#0"},
				"east": {"uv": [7.875, 1.875, 9.75, 2.75], "texture": "#0"},
				"south": {"uv": [13.5, 1.875, 15.375, 2.75], "texture": "#0"},
				"west": {"uv": [11.625, 1.875, 13.5, 2.75], "texture": "#0"},
				"up": {"uv": [11.625, 1.875, 9.75, 0], "texture": "#0"},
				"down": {"uv": [13.5, 0, 11.625, 1.875], "texture": "#0"}
			}
		},
		{
			"name": "pokeball center",
			"from": [6, 23, 0],
			"to": [10, 27, 1],
			"rotation": {"angle": 0, "axis": "y", "origin": [6, 23, 0]},
			"faces": {
				"north": {"uv": [0.125, 0.25, 0.625, 0.75], "texture": "#0"},
				"east": {"uv": [0, 0.25, 0.125, 0.75], "texture": "#0"},
				"south": {"uv": [0.75, 0.25, 1.25, 0.75], "texture": "#0"},
				"west": {"uv": [0.625, 0.25, 0.75, 0.75], "texture": "#0"},
				"up": {"uv": [0.625, 0.25, 0.125, 0.125], "texture": "#0"},
				"down": {"uv": [1.125, 0.125, 0.625, 0.25], "texture": "#0"}
			}
		},
		{
			"name": "middleneck",
			"from": [2, 17, 2],
			"to": [14, 18, 14],
			"rotation": {"angle": 0, "axis": "y", "origin": [11, 16, 4]},
			"faces": {
				"north": {"uv": [11.5, 10.75, 13, 10.875], "texture": "#0"},
				"east": {"uv": [10, 10.75, 11.5, 10.875], "texture": "#0"},
				"south": {"uv": [14.5, 10.75, 16, 10.875], "texture": "#0"},
				"west": {"uv": [13, 10.75, 14.5, 10.875], "texture": "#0"},
				"up": {"uv": [13, 10.75, 11.5, 9.25], "texture": "#0"},
				"down": {"uv": [14.5, 9.25, 13, 10.75], "texture": "#0"}
			}
		},
		{
			"from": [1, 12, 1],
			"to": [15, 16, 15],
			"rotation": {"angle": 0, "axis": "y", "origin": [14, 2, 0]},
			"faces": {
				"north": {"uv": [1.75, 4.875, 3.5, 5.375], "texture": "#0"},
				"east": {"uv": [0, 4.875, 1.75, 5.375], "texture": "#0"},
				"south": {"uv": [5.25, 4.875, 7, 5.375], "texture": "#0"},
				"west": {"uv": [3.5, 4.875, 5.25, 5.375], "texture": "#0"},
				"up": {"uv": [3.5, 4.875, 1.75, 3.125], "texture": "#0"},
				"down": {"uv": [5.25, 3.125, 3.5, 4.875], "texture": "#0"}
			}
		},
		{
			"from": [1, 0, 4],
			"to": [15, 12, 15],
			"rotation": {"angle": 0, "axis": "y", "origin": [14, -10, 0]},
			"faces": {
				"north": {"uv": [11.125, 5.25, 12.875, 6.75], "texture": "#0"},
				"east": {"uv": [9.75, 5.25, 11.125, 6.75], "texture": "#0"},
				"south": {"uv": [14.25, 5.25, 16, 6.75], "texture": "#0"},
				"west": {"uv": [12.875, 5.25, 14.25, 6.75], "texture": "#0"},
				"up": {"uv": [12.875, 5.25, 11.125, 3.875], "texture": "#0"},
				"down": {"uv": [14.625, 3.875, 12.875, 5.25], "texture": "#0"}
			}
		},
		{
			"from": [1, 0, 1],
			"to": [5, 12, 4],
			"rotation": {"angle": 0, "axis": "y", "origin": [14, -10, 0]},
			"faces": {
				"north": {"uv": [0.375, 6.25, 0.875, 7.75], "texture": "#0"},
				"east": {"uv": [0, 6.25, 0.375, 7.75], "texture": "#0"},
				"south": {"uv": [1.25, 6.25, 1.75, 7.75], "texture": "#0"},
				"west": {"uv": [0.875, 6.25, 1.25, 7.75], "texture": "#0"},
				"up": {"uv": [0.875, 6.25, 0.375, 5.875], "texture": "#0"},
				"down": {"uv": [1.375, 5.875, 0.875, 6.25], "texture": "#0"}
			}
		},
		{
			"from": [5, 9, 1],
			"to": [11, 12, 4],
			"rotation": {"angle": 0, "axis": "y", "origin": [20, -8, 0]},
			"faces": {
				"north": {"uv": [0.375, 8.5, 1.125, 8.875], "texture": "#0"},
				"east": {"uv": [0, 8.5, 0.375, 8.875], "texture": "#0"},
				"south": {"uv": [1.5, 8.5, 2.25, 8.875], "texture": "#0"},
				"west": {"uv": [1.125, 8.5, 1.5, 8.875], "texture": "#0"},
				"up": {"uv": [1.125, 8.5, 0.375, 8.125], "texture": "#0"},
				"down": {"uv": [1.875, 8.125, 1.125, 8.5], "texture": "#0"}
			}
		},
		{
			"from": [5, 0, 1],
			"to": [11, 3, 4],
			"rotation": {"angle": 0, "axis": "y", "origin": [20, -17, 0]},
			"faces": {
				"north": {"uv": [0.375, 10.25, 1.125, 10.625], "texture": "#0"},
				"east": {"uv": [0, 10.25, 0.375, 10.625], "texture": "#0"},
				"south": {"uv": [1.5, 10.25, 2.25, 10.625], "texture": "#0"},
				"west": {"uv": [1.125, 10.25, 1.5, 10.625], "texture": "#0"},
				"up": {"uv": [1.125, 10.25, 0.375, 9.875], "texture": "#0"},
				"down": {"uv": [1.875, 9.875, 1.125, 10.25], "texture": "#0"}
			}
		},
		{
			"from": [11, 0, 1],
			"to": [15, 12, 4],
			"rotation": {"angle": 0, "axis": "y", "origin": [2, -10, 0]},
			"faces": {
				"north": {"uv": [0.875, 6.25, 0.375, 7.75], "texture": "#0"},
				"east": {"uv": [1.25, 6.25, 0.875, 7.75], "texture": "#0"},
				"south": {"uv": [1.75, 6.25, 1.25, 7.75], "texture": "#0"},
				"west": {"uv": [0.375, 6.25, 0, 7.75], "texture": "#0"},
				"up": {"uv": [0.375, 6.25, 0.875, 5.875], "texture": "#0"},
				"down": {"uv": [0.875, 5.875, 1.375, 6.25], "texture": "#0"}
			}
		},
		{
			"name": "crank",
			"from": [6, 11.25, -1],
			"to": [10, 15.25, 2],
			"rotation": {"angle": 0, "axis": "y", "origin": [6, 13.25, 0]},
			"faces": {
				"north": {"uv": [0.375, 1.25, 0.875, 1.75], "texture": "#0"},
				"east": {"uv": [0, 1.25, 0.375, 1.75], "texture": "#0"},
				"south": {"uv": [1.25, 1.25, 1.75, 1.75], "texture": "#0"},
				"west": {"uv": [0.875, 1.25, 1.25, 1.75], "texture": "#0"},
				"up": {"uv": [0.875, 1.25, 0.375, 0.875], "texture": "#0"},
				"down": {"uv": [1.375, 0.875, 0.875, 1.25], "texture": "#0"}
			}
		}
	],
	"display": {
		"thirdperson_righthand": {
			"rotation": [75, 135, 0],
			"translation": [0, 2.5, 0],
			"scale": [0.3, 0.3, 0.3]
		},
		"thirdperson_lefthand": {
			"rotation": [75, 135, 0],
			"translation": [0, 2.5, 0],
			"scale": [0.3, 0.3, 0.3]
		},
		"firstperson_righthand": {
			"rotation": [0, 135, 0],
			"translation": [0, -1, 0],
			"scale": [0.4, 0.4, 0.4]
		},
		"firstperson_lefthand": {
			"rotation": [0, 135, 0],
			"translation": [0, -1, 0],
			"scale": [0.4, 0.4, 0.4]
		},
		"ground": {
			"translation": [0, 1.5, 0],
			"scale": [0.25, 0.25, 0.25]
		},
		"gui": {
			"rotation": [30, 225, 0],
			"translation": [0, -3, 0],
			"scale": [0.425, 0.425, 0.425]
		},
		"fixed": {
			"translation": [0, -3.75, -3],
			"scale": [0.5, 0.5, 0.5]
		}
	},
	"groups": [
		{
			"name": "upper",
			"origin": [14.5, 14, 0.5],
			"color": 0,
			"children": [
				0,
				1,
				{
					"name": "group",
					"origin": [8, 8, 8],
					"color": 0,
					"children": [
						{
							"name": "gachaballs",
							"origin": [8, 8, 8],
							"color": 0,
							"children": [2, 3]
						},
						{
							"name": "gachaballs",
							"origin": [8, 8, 8],
							"color": 0,
							"children": [4, 5]
						},
						{
							"name": "gachaballs",
							"origin": [8, 8, 8],
							"color": 0,
							"children": [6, 7]
						},
						{
							"name": "gachaballs",
							"origin": [8, 8, 8],
							"color": 0,
							"children": [8, 9]
						},
						{
							"name": "gachaballs",
							"origin": [8, 8, 8],
							"color": 0,
							"children": [10, 11]
						},
						{
							"name": "gachaballs",
							"origin": [8, 8, 8],
							"color": 0,
							"children": [12, 13]
						},
						{
							"name": "gachaballs",
							"origin": [8, 8, 8],
							"color": 0,
							"children": [14, 15]
						},
						{
							"name": "gachaballs",
							"origin": [8, 8, 8],
							"color": 0,
							"children": [16, 17]
						},
						{
							"name": "gachaballs",
							"origin": [8, 8, 8],
							"color": 0,
							"children": [18, 19]
						},
						{
							"name": "gachaballs",
							"origin": [8, 8, 8],
							"color": 0,
							"children": [
								20,
								21,
								{
									"name": "gachaballs",
									"origin": [8, 8, 8],
									"color": 0,
									"children": [22, 23]
								}
							]
						},
						{
							"name": "gachaballs",
							"origin": [8, 8, 8],
							"color": 0,
							"children": [24, 25]
						},
						{
							"name": "gachaballs",
							"origin": [8, 8, 8],
							"color": 0,
							"children": [26, 27]
						},
						{
							"name": "gachaballs",
							"origin": [8, 8, 8],
							"color": 0,
							"children": [28, 29]
						},
						{
							"name": "gachaballs",
							"origin": [8, 8, 8],
							"color": 0,
							"children": [30, 31]
						},
						{
							"name": "gachaballs",
							"origin": [8, 8, 8],
							"color": 0,
							"children": [32, 33]
						},
						{
							"name": "gachaballs",
							"origin": [8, 8, 8],
							"color": 0,
							"children": [34, 35]
						}
					]
				},
				36,
				37,
				38,
				39
			]
		},
		{
			"name": "lower",
			"origin": [6, 11.25, 0],
			"color": 0,
			"children": [40, 41, 42, 43, 44, 45, 46]
		}
	]
}