{
	"credit": "Made with Blockbench",
	"texture_size": [128, 128],
	"textures": {
		"1": "gachamachine:block/cramomatic",
		"particle": "gachamachine:block/cramomatic"
	},
	"elements": [
		{
			"from": [4.9, 5, 6.4],
			"to": [6.1, 6.2, 7.6],
			"rotation": {"angle": 0, "axis": "y", "origin": [4, 4.1, 6.5]},
			"faces": {
				"north": {"uv": [1.125, 6.625, 1.25, 6.75], "texture": "#1"},
				"east": {"uv": [1, 6.625, 1.125, 6.75], "texture": "#1"},
				"south": {"uv": [1.375, 6.625, 1.5, 6.75], "texture": "#1"},
				"west": {"uv": [1.25, 6.625, 1.375, 6.75], "texture": "#1"},
				"up": {"uv": [1.25, 6.625, 1.125, 6.5], "texture": "#1"},
				"down": {"uv": [1.375, 6.5, 1.25, 6.625], "texture": "#1"}
			}
		},
		{
			"from": [9.9, 5, 6.4],
			"to": [11.1, 6.2, 7.6],
			"rotation": {"angle": 0, "axis": "y", "origin": [12, 4.1, 6.5]},
			"faces": {
				"north": {"uv": [1.25, 6.625, 1.125, 6.75], "texture": "#1"},
				"east": {"uv": [1.375, 6.625, 1.25, 6.75], "texture": "#1"},
				"south": {"uv": [1.5, 6.625, 1.375, 6.75], "texture": "#1"},
				"west": {"uv": [1.125, 6.625, 1, 6.75], "texture": "#1"},
				"up": {"uv": [1.125, 6.625, 1.25, 6.5], "texture": "#1"},
				"down": {"uv": [1.25, 6.5, 1.375, 6.625], "texture": "#1"}
			}
		},
		{
			"from": [5.4, 3, 3.5],
			"to": [10.4, 9, 9.5],
			"rotation": {"angle": 0, "axis": "y", "origin": [8.4, -6, 7.5]},
			"faces": {
				"north": {"uv": [5.75, 0.75, 6.375, 1.5], "texture": "#1"},
				"east": {"uv": [5, 0.75, 5.75, 1.5], "texture": "#1"},
				"south": {"uv": [7.125, 0.75, 7.75, 1.5], "texture": "#1"},
				"west": {"uv": [6.375, 0.75, 7.125, 1.5], "texture": "#1"},
				"up": {"uv": [6.375, 0.75, 5.75, 0], "texture": "#1"},
				"down": {"uv": [7, 0, 6.375, 0.75], "texture": "#1"}
			}
		},
		{
			"name": "right_pupil",
			"from": [10.42, 6.5, 3.75],
			"to": [10.42, 7.5, 4.75],
			"rotation": {"angle": 0, "axis": "y", "origin": [8.4, -2.5, 2.7]},
			"faces": {
				"north": {"uv": [4.375, 6.25, 4.375, 6.375], "texture": "#1"},
				"east": {"uv": [4.25, 6.25, 4.375, 6.375], "texture": "#1"},
				"south": {"uv": [4.5, 6.25, 4.5, 6.375], "texture": "#1"},
				"west": {"uv": [4.375, 6.25, 4.5, 6.375], "texture": "#1"},
				"up": {"uv": [4.375, 6.25, 4.375, 6.125], "texture": "#1"},
				"down": {"uv": [4.375, 6.125, 4.375, 6.25], "texture": "#1"}
			}
		},
		{
			"from": [6.91, 4.21, -3.49],
			"to": [8.89, 5.19, 1.49],
			"rotation": {"angle": 0, "axis": "y", "origin": [7.9, 4.7, -2]},
			"faces": {
				"north": {"uv": [6.125, 2.875, 6.375, 3], "texture": "#1"},
				"east": {"uv": [5.5, 2.875, 6.125, 3], "texture": "#1"},
				"south": {"uv": [7, 2.875, 7.25, 3], "texture": "#1"},
				"west": {"uv": [6.375, 2.875, 7, 3], "texture": "#1"},
				"up": {"uv": [6.375, 2.875, 6.125, 2.25], "texture": "#1"},
				"down": {"uv": [6.625, 2.25, 6.375, 2.875], "texture": "#1"}
			}
		},
		{
			"name": "left_pupil",
			"from": [5.39, 6.5, 3.7],
			"to": [5.39, 7.5, 4.7],
			"rotation": {"angle": 0, "axis": "y", "origin": [7.4, -2.5, 2.7]},
			"faces": {
				"north": {"uv": [4.375, 6.25, 4.375, 6.375], "texture": "#1"},
				"east": {"uv": [4.5, 6.25, 4.375, 6.375], "texture": "#1"},
				"south": {"uv": [4.5, 6.25, 4.5, 6.375], "texture": "#1"},
				"west": {"uv": [4.375, 6.25, 4.25, 6.375], "texture": "#1"},
				"up": {"uv": [4.375, 6.25, 4.375, 6.125], "texture": "#1"},
				"down": {"uv": [4.375, 6.125, 4.375, 6.25], "texture": "#1"}
			}
		},
		{
			"from": [6.9, 4.25, 1.7],
			"to": [8.9, 6.25, 4.7],
			"rotation": {"angle": -45, "axis": "x", "origin": [7.9, 5.25, 3.2]},
			"faces": {
				"north": {"uv": [4.625, 6.75, 4.875, 7], "texture": "#1"},
				"east": {"uv": [4.25, 6.75, 4.625, 7], "texture": "#1"},
				"south": {"uv": [5.25, 6.75, 5.5, 7], "texture": "#1"},
				"west": {"uv": [4.875, 6.75, 5.25, 7], "texture": "#1"},
				"up": {"uv": [4.875, 6.75, 4.625, 6.375], "texture": "#1"},
				"down": {"uv": [5.125, 6.375, 4.875, 6.75], "texture": "#1"}
			}
		},
		{
			"from": [5.9, 4.85, -0.5],
			"to": [9.9, 5.85, 4.5],
			"rotation": {"angle": 0, "axis": "y", "origin": [7.9, 5.35, 2]},
			"faces": {
				"north": {"uv": [5.625, 2.125, 6.125, 2.25], "texture": "#1"},
				"east": {"uv": [5, 2.125, 5.625, 2.25], "texture": "#1"},
				"south": {"uv": [6.75, 2.125, 7.25, 2.25], "texture": "#1"},
				"west": {"uv": [6.125, 2.125, 6.75, 2.25], "texture": "#1"},
				"up": {"uv": [6.125, 2.125, 5.625, 1.5], "texture": "#1"},
				"down": {"uv": [6.625, 1.5, 6.125, 2.125], "texture": "#1"}
			}
		},
		{
			"from": [6.4, 3.85, 1.5],
			"to": [9.4, 4.85, 4.5],
			"rotation": {"angle": 0, "axis": "y", "origin": [7.4, 4.35, 2]},
			"faces": {
				"north": {"uv": [4.875, 6.25, 5.25, 6.375], "texture": "#1"},
				"east": {"uv": [4.5, 6.25, 4.875, 6.375], "texture": "#1"},
				"south": {"uv": [5.625, 6.25, 6, 6.375], "texture": "#1"},
				"west": {"uv": [5.25, 6.25, 5.625, 6.375], "texture": "#1"},
				"up": {"uv": [5.25, 6.25, 4.875, 5.875], "texture": "#1"},
				"down": {"uv": [5.625, 5.875, 5.25, 6.25], "texture": "#1"}
			}
		},
		{
			"from": [6.9, 4.6, -4.5],
			"to": [8.9, 5.6, -0.5],
			"rotation": {"angle": 0, "axis": "y", "origin": [7.9, 5.1, -3]},
			"faces": {
				"north": {"uv": [0.5, 6.375, 0.75, 6.5], "texture": "#1"},
				"east": {"uv": [0, 6.375, 0.5, 6.5], "texture": "#1"},
				"south": {"uv": [1.25, 6.375, 1.5, 6.5], "texture": "#1"},
				"west": {"uv": [0.75, 6.375, 1.25, 6.5], "texture": "#1"},
				"up": {"uv": [0.75, 6.375, 0.5, 5.875], "texture": "#1"},
				"down": {"uv": [1, 5.875, 0.75, 6.375], "texture": "#1"}
			}
		},
		{
			"from": [4.4, 9, 6.5],
			"to": [11.4, 16, 6.5],
			"rotation": {"angle": 0, "axis": "y", "origin": [7.9, 11.5, 6.5]},
			"faces": {
				"north": {"uv": [3.625, 8.25, 4.5, 9.125], "texture": "#1"},
				"east": {"uv": [3.625, 8.25, 3.625, 9.125], "texture": "#1"},
				"south": {"uv": [4.5, 8.25, 5.375, 9.125], "texture": "#1"},
				"west": {"uv": [4.5, 8.25, 4.5, 9.125], "texture": "#1"},
				"up": {"uv": [4.5, 8.25, 3.625, 8.25], "texture": "#1"},
				"down": {"uv": [5.375, 8.25, 4.5, 8.25], "texture": "#1"}
			}
		},
		{
			"from": [4.4, 15.8097, 7.45671],
			"to": [11.4, 20.8097, 7.45671],
			"rotation": {"angle": 22.5, "axis": "x", "origin": [7.9, 18.3097, 7.45671]},
			"faces": {
				"north": {"uv": [1.5, 8.5, 2.375, 9.125], "texture": "#1"},
				"east": {"uv": [1.5, 8.5, 1.5, 9.125], "texture": "#1"},
				"south": {"uv": [2.375, 8.5, 3.25, 9.125], "texture": "#1"},
				"west": {"uv": [2.375, 8.5, 2.375, 9.125], "texture": "#1"},
				"up": {"uv": [2.375, 8.5, 1.5, 8.5], "texture": "#1"},
				"down": {"uv": [3.25, 8.5, 2.375, 8.5], "texture": "#1"}
			}
		},
		{
			"from": [6.9, 0, 5.5],
			"to": [8.9, 6, 7.5],
			"rotation": {"angle": 0, "axis": "y", "origin": [6.9, -2, 5.5]},
			"faces": {
				"north": {"uv": [6.25, 6.125, 6.5, 6.875], "texture": "#1"},
				"east": {"uv": [6, 6.125, 6.25, 6.875], "texture": "#1"},
				"south": {"uv": [6.75, 6.125, 7, 6.875], "texture": "#1"},
				"west": {"uv": [6.5, 6.125, 6.75, 6.875], "texture": "#1"},
				"up": {"uv": [6.5, 6.125, 6.25, 5.875], "texture": "#1"},
				"down": {"uv": [6.75, 5.875, 6.5, 6.125], "texture": "#1"}
			}
		}
	],
	"display": {
		"thirdperson_righthand": {
			"rotation": [75, 135, 0],
			"translation": [0, 2.5, 2.5],
			"scale": [0.3, 0.3, 0.3]
		},
		"thirdperson_lefthand": {
			"rotation": [75, 135, 0],
			"translation": [0, 2.5, 2.5],
			"scale": [0.3, 0.3, 0.3]
		},
		"firstperson_righthand": {
			"rotation": [0, 120, 0],
			"translation": [2.5, 3.75, 0],
			"scale": [0.4, 0.4, 0.4]
		},
		"firstperson_lefthand": {
			"rotation": [0, 120, 0],
			"translation": [2.5, 3.75, 0],
			"scale": [0.4, 0.4, 0.4]
		},
		"ground": {
			"translation": [0, 2, 0],
			"scale": [0.25, 0.25, 0.25]
		},
		"gui": {
			"rotation": [30, 225, 0],
			"translation": [0, -0.75, 0],
			"scale": [0.425, 0.425, 0.425]
		},
		"fixed": {
			"translation": [0, -1, -3],
			"scale": [0.5, 0.5, 0.5]
		}
	},
	"groups": [
		{
			"name": "upper",
			"origin": [-14.55, 1, 2.75],
			"color": 0,
			"children": [
				0,
				1,
				2,
				3,
				4,
				5,
				{
					"name": "beak",
					"origin": [-8.1, 20.7, -2],
					"color": 0,
					"children": [6, 7, 8, 9]
				},
				10,
				11,
				12
			]
		}
	]
}