{
	"credit": "Made with Blockbench",
	"texture_size": [128, 128],
	"textures": {
		"0": "gachamachine:block/item_printer",
		"particle": "gachamachine:block/item_printer"
	},
	"elements": [
		{
			"name": "pokeball dome red",
			"from": [0.5, 10, 0.5],
			"to": [15.5, 16, 15.5],
			"rotation": {"angle": 0, "axis": "y", "origin": [14.5, 3, 0.5]},
			"faces": {
				"north": {"uv": [9.375, 1.875, 11.25, 2.625], "texture": "#0"},
				"east": {"uv": [7.5, 1.875, 9.375, 2.625], "texture": "#0"},
				"south": {"uv": [13.125, 1.875, 15, 2.625], "texture": "#0"},
				"west": {"uv": [11.25, 1.875, 13.125, 2.625], "texture": "#0"},
				"up": {"uv": [11.25, 1.875, 9.375, 0], "texture": "#0"},
				"down": {"uv": [13.125, 0, 11.25, 1.875], "texture": "#0"}
			}
		},
		{
			"name": "pokeball dome white",
			"from": [0.5, 3, 0.5],
			"to": [15.5, 10, 15.5],
			"rotation": {"angle": 0, "axis": "y", "origin": [14.5, -5, 0.5]},
			"faces": {
				"north": {"uv": [1.875, 7.375, 3.75, 8.25], "texture": "#0"},
				"east": {"uv": [0, 7.375, 1.875, 8.25], "texture": "#0"},
				"south": {"uv": [5.625, 7.375, 7.5, 8.25], "texture": "#0"},
				"west": {"uv": [3.75, 7.375, 5.625, 8.25], "texture": "#0"},
				"up": {"uv": [3.75, 7.375, 1.875, 5.5], "texture": "#0"},
				"down": {"uv": [5.625, 5.5, 3.75, 7.375], "texture": "#0"}
			}
		},
		{
			"name": "pokeball center",
			"from": [6, 8, 0],
			"to": [10, 12, 1],
			"rotation": {"angle": 0, "axis": "y", "origin": [6, 8, 0]},
			"faces": {
				"north": {"uv": [0.125, 8.5, 0.625, 9], "texture": "#0"},
				"east": {"uv": [0, 8.5, 0.125, 9], "texture": "#0"},
				"south": {"uv": [0.75, 8.5, 1.25, 9], "texture": "#0"},
				"west": {"uv": [0.625, 8.5, 0.75, 9], "texture": "#0"},
				"up": {"uv": [0.625, 8.5, 0.125, 8.375], "texture": "#0"},
				"down": {"uv": [1.125, 8.375, 0.625, 8.5], "texture": "#0"}
			}
		},
		{
			"name": "pokeball center",
			"from": [6.5, 8.5, -0.01],
			"to": [9.5, 11.5, -0.01],
			"rotation": {"angle": 0, "axis": "y", "origin": [5.5, 8.5, 0]},
			"faces": {
				"north": {"uv": [1.25, 8.375, 1.625, 8.75], "texture": "#0"},
				"east": {"uv": [1.25, 8.375, 1.25, 8.75], "texture": "#0"},
				"south": {"uv": [1.625, 8.375, 2, 8.75], "texture": "#0"},
				"west": {"uv": [1.625, 8.375, 1.625, 8.75], "texture": "#0"},
				"up": {"uv": [1.625, 8.375, 1.25, 8.375], "texture": "#0"},
				"down": {"uv": [2, 8.375, 1.625, 8.375], "texture": "#0"}
			}
		},
		{
			"name": "pokeball center",
			"from": [7, 9, -0.02],
			"to": [9, 11, -0.02],
			"rotation": {"angle": 0, "axis": "y", "origin": [5, 9, 0]},
			"faces": {
				"north": {"uv": [2.5, 8.375, 2.75, 8.625], "texture": "#0"},
				"east": {"uv": [2.5, 8.375, 2.5, 8.625], "texture": "#0"},
				"south": {"uv": [2.75, 8.375, 3, 8.625], "texture": "#0"},
				"west": {"uv": [2.75, 8.375, 2.75, 8.625], "texture": "#0"},
				"up": {"uv": [2.75, 8.375, 2.5, 8.375], "texture": "#0"},
				"down": {"uv": [3, 8.375, 2.75, 8.375], "texture": "#0"}
			}
		},
		{
			"from": [12.5, 0.1, 0],
			"to": [14.5, 8.1, 2],
			"rotation": {"angle": 0, "axis": "y", "origin": [12.5, 7.1, 0]},
			"faces": {
				"north": {"uv": [5.75, 8.5, 6, 9.5], "texture": "#0"},
				"east": {"uv": [5.5, 8.5, 5.75, 9.5], "texture": "#0"},
				"south": {"uv": [6.25, 8.5, 6.5, 9.5], "texture": "#0"},
				"west": {"uv": [6, 8.5, 6.25, 9.5], "texture": "#0"},
				"up": {"uv": [6, 8.5, 5.75, 8.25], "texture": "#0"},
				"down": {"uv": [6.25, 8.25, 6, 8.5], "texture": "#0"}
			}
		},
		{
			"from": [12.5, 0.1, 14],
			"to": [14.5, 8.1, 16],
			"rotation": {"angle": 0, "axis": "y", "origin": [12.5, 7.1, 16]},
			"faces": {
				"north": {"uv": [6.75, 8.5, 7, 9.5], "texture": "#0"},
				"east": {"uv": [6.5, 8.5, 6.75, 9.5], "texture": "#0"},
				"south": {"uv": [7.25, 8.5, 7.5, 9.5], "texture": "#0"},
				"west": {"uv": [7, 8.5, 7.25, 9.5], "texture": "#0"},
				"up": {"uv": [7, 8.5, 6.75, 8.25], "texture": "#0"},
				"down": {"uv": [7.25, 8.25, 7, 8.5], "texture": "#0"}
			}
		},
		{
			"from": [1.5, 0.1, 0],
			"to": [3.5, 8.1, 2],
			"rotation": {"angle": 0, "axis": "y", "origin": [3.5, 7.1, 0]},
			"faces": {
				"north": {"uv": [6, 8.5, 5.75, 9.5], "texture": "#0"},
				"east": {"uv": [6.25, 8.5, 6, 9.5], "texture": "#0"},
				"south": {"uv": [6.5, 8.5, 6.25, 9.5], "texture": "#0"},
				"west": {"uv": [5.75, 8.5, 5.5, 9.5], "texture": "#0"},
				"up": {"uv": [5.75, 8.5, 6, 8.25], "texture": "#0"},
				"down": {"uv": [6, 8.25, 6.25, 8.5], "texture": "#0"}
			}
		},
		{
			"from": [1.5, 0.1, 14],
			"to": [3.5, 8.1, 16],
			"rotation": {"angle": 0, "axis": "y", "origin": [3.5, 7.1, 16]},
			"faces": {
				"north": {"uv": [7, 8.5, 6.75, 9.5], "texture": "#0"},
				"east": {"uv": [7.25, 8.5, 7, 9.5], "texture": "#0"},
				"south": {"uv": [7.5, 8.5, 7.25, 9.5], "texture": "#0"},
				"west": {"uv": [6.75, 8.5, 6.5, 9.5], "texture": "#0"},
				"up": {"uv": [6.75, 8.5, 7, 8.25], "texture": "#0"},
				"down": {"uv": [7, 8.25, 7.25, 8.5], "texture": "#0"}
			}
		},
		{
			"name": "midtube down",
			"from": [6, 0, 6],
			"to": [10, 4, 10],
			"rotation": {"angle": 0, "axis": "y", "origin": [8, 0, 6]},
			"faces": {
				"north": {"uv": [8, 8, 8.5, 8.5], "texture": "#0"},
				"east": {"uv": [7.5, 8, 8, 8.5], "texture": "#0"},
				"south": {"uv": [9, 8, 9.5, 8.5], "texture": "#0"},
				"west": {"uv": [8.5, 8, 9, 8.5], "texture": "#0"},
				"up": {"uv": [8.5, 8, 8, 7.5], "texture": "#0"},
				"down": {"uv": [9, 7.5, 8.5, 8], "texture": "#0"}
			}
		},
		{
			"name": "crank",
			"from": [7.5, 8.5, -1],
			"to": [8.5, 11.5, 0],
			"rotation": {"angle": 0, "axis": "y", "origin": [6.5, 8.5, -1]},
			"faces": {
				"north": {"uv": [2.125, 8.5, 2.25, 8.875], "texture": "#0"},
				"east": {"uv": [2, 8.5, 2.125, 8.875], "texture": "#0"},
				"south": {"uv": [2.375, 8.5, 2.5, 8.875], "texture": "#0"},
				"west": {"uv": [2.25, 8.5, 2.375, 8.875], "texture": "#0"},
				"up": {"uv": [2.25, 8.5, 2.125, 8.375], "texture": "#0"},
				"down": {"uv": [2.375, 8.375, 2.25, 8.5], "texture": "#0"}
			}
		},
		{
			"from": [12, 2.1, 3],
			"to": [13, 2.1, 13],
			"rotation": {"angle": 0, "axis": "y", "origin": [5, 1.1, 2]},
			"faces": {
				"north": {"uv": [8.875, 7.5, 8.75, 7.5], "texture": "#0"},
				"east": {"uv": [10.125, 7.5, 8.875, 7.5], "texture": "#0"},
				"south": {"uv": [10.25, 7.5, 10.125, 7.5], "texture": "#0"},
				"west": {"uv": [8.75, 7.5, 7.5, 7.5], "texture": "#0"},
				"up": {"uv": [8.75, 7.5, 8.875, 6.25], "texture": "#0"},
				"down": {"uv": [8.875, 6.25, 9, 7.5], "texture": "#0"}
			}
		},
		{
			"from": [3, 2.1, 2],
			"to": [13, 2.1, 3],
			"rotation": {"angle": 0, "axis": "y", "origin": [11, 1.1, 2]},
			"faces": {
				"north": {"uv": [0.125, 8.375, 1.375, 8.375], "texture": "#0"},
				"east": {"uv": [0, 8.375, 0.125, 8.375], "texture": "#0"},
				"south": {"uv": [1.5, 8.375, 2.75, 8.375], "texture": "#0"},
				"west": {"uv": [1.375, 8.375, 1.5, 8.375], "texture": "#0"},
				"up": {"uv": [1.375, 8.375, 0.125, 8.25], "texture": "#0"},
				"down": {"uv": [2.625, 8.25, 1.375, 8.375], "texture": "#0"}
			}
		},
		{
			"from": [3, 2.1, 3],
			"to": [4, 2.1, 13],
			"rotation": {"angle": 0, "axis": "y", "origin": [11, 1.1, 2]},
			"faces": {
				"north": {"uv": [8.75, 7.5, 8.875, 7.5], "texture": "#0"},
				"east": {"uv": [7.5, 7.5, 8.75, 7.5], "texture": "#0"},
				"south": {"uv": [10.125, 7.5, 10.25, 7.5], "texture": "#0"},
				"west": {"uv": [8.875, 7.5, 10.125, 7.5], "texture": "#0"},
				"up": {"uv": [8.875, 7.5, 8.75, 6.25], "texture": "#0"},
				"down": {"uv": [9, 6.25, 8.875, 7.5], "texture": "#0"}
			}
		},
		{
			"from": [3, 2.1, 13],
			"to": [13, 2.1, 14],
			"rotation": {"angle": 0, "axis": "y", "origin": [11, 1.1, 14]},
			"faces": {
				"north": {"uv": [2.875, 8.375, 4.125, 8.375], "texture": "#0"},
				"east": {"uv": [2.75, 8.375, 2.875, 8.375], "texture": "#0"},
				"south": {"uv": [4.25, 8.375, 5.5, 8.375], "texture": "#0"},
				"west": {"uv": [4.125, 8.375, 4.25, 8.375], "texture": "#0"},
				"up": {"uv": [4.125, 8.375, 2.875, 8.25], "texture": "#0"},
				"down": {"uv": [5.375, 8.25, 4.125, 8.375], "texture": "#0"}
			}
		}
	],
	"display": {
		"thirdperson_righthand": {
			"rotation": [75, 135, 0],
			"translation": [0, 2.5, 0],
			"scale": [0.3, 0.3, 0.3]
		},
		"thirdperson_lefthand": {
			"rotation": [75, 135, 0],
			"translation": [0, 2.5, 0],
			"scale": [0.3, 0.3, 0.3]
		},
		"firstperson_righthand": {
			"rotation": [0, 135, 0],
			"translation": [0, -1, 0],
			"scale": [0.4, 0.4, 0.4]
		},
		"firstperson_lefthand": {
			"rotation": [0, 135, 0],
			"translation": [0, -1, 0],
			"scale": [0.4, 0.4, 0.4]
		},
		"ground": {
			"translation": [0, 1.5, 0],
			"scale": [0.25, 0.25, 0.25]
		},
		"gui": {
			"rotation": [30, 225, 0],
			"translation": [0, -3, 0],
			"scale": [0.425, 0.425, 0.425]
		},
		"fixed": {
			"translation": [0, -3.75, -3],
			"scale": [0.5, 0.5, 0.5]
		}
	},
	"groups": [
		{
			"name": "lower",
			"origin": [14.5, 14, 0.5],
			"color": 0,
			"children": [
				{
					"name": "upper",
					"origin": [14.5, 14, 0.5],
					"color": 0,
					"children": [0, 1, 2, 3, 4]
				},
				5,
				6,
				7,
				8,
				9,
				10,
				{
					"name": "circle down",
					"origin": [5, 0.2, 2],
					"color": 0,
					"children": [11, 12, 13, 14]
				}
			]
		}
	]
}